달,일,시간,장비,번호판
May,5,05:44:22,G15v2-SD0,다다다나다다나
May,5,05:47:46,G15v2-SD0,나나나다다다
May,5,05:48:43,G15v2-SD0,나나다나다다다
May,5,05:49:15,G15v2-SD0,다다다나다다나
May,5,05:49:49,G15v2-SD0,다다다나다다다
May,5,05:52:12,G15v2-SD0,다나다나다다다
May,5,05:52:58,G15v2-SD0,다다고다다다
May,5,05:53:54,G15v2-SD0,나나나나다다
May,5,05:54:18,G15v2-SD0,너나다나나다
May,5,05:54:42,G15v2-SD0,다다다다저다나1나
May,5,06:04:22,G15v2-SD0,다다다다다다0더1
May,5,06:05:37,G15v2-SD0,다다다나다다다
May,5,06:06:18,G15v2-SD0,다다나다다다
May,5,06:06:34,G15v2-SD0,다다나다다다
May,5,06:10:05,G15v2-SD0,다다너다다나
May,5,06:10:44,G15v2-SD0,다다다너다다다
May,5,06:11:01,G15v2-SD0,다어다머고마
May,5,06:11:33,G15v2-SD0,나나나다다다
May,5,06:13:09,G15v2-SD0,다다다너다다다
May,5,06:13:42,G15v2-SD0,다다다나다나
May,5,06:15:21,G15v2-SD0,다다저다다다
May,5,06:23:21,G15v2-SD0,나나다나다마
May,5,06:24:04,G15v2-SD0,다다다다다다다
May,5,06:24:53,G15v2-SD0,다다다나다다다
May,5,06:25:19,G15v2-SD0,다다다나다다
May,5,06:30:10,G15v2-SD0,나다다나나다다
May,5,06:32:58,G15v2-SD0,다다다다다다다
May,5,06:34:30,G15v2-SD0,다다다다다나
May,5,06:40:11,G15v2-SD0,다다다다다다
May,5,06:40:26,G15v2-SD0,나나나마다다
May,5,06:41:22,G15v2-SD0,나나다나다다다
May,5,06:42:58,G15v2-SD0,다다다다다다다더
May,5,06:45:00,G15v2-SD0,다다나다다다
May,5,06:45:16,G15v2-SD0,다다0다다나1
May,5,06:47:48,G15v2-SD0,다다0다다다
May,5,06:50:27,G15v2-SD0,나다다다다마
May,5,06:58:43,G15v2-SD0,다다다다다다다
May,5,06:59:53,G15v2-SD0,다다다다다너1다
May,5,07:00:01,G15v2-SD0,다다다나다다
May,5,07:02:36,G15v2-SD0,다다0다다다0
May,5,07:03:01,G15v2-SD0,다다다다다다다
May,5,07:09:59,G15v2-SD0,나나나다다다
May,5,08:47:54,G15v2-SD0,다다마더다나
May,5,08:48:50,G15v2-SD0,나다마나다다
May,5,08:48:59,G15v2-SD0,다다다다다다나
May,5,10:50:29,G15v2-SD0,다다마다다다
May,5,10:51:02,G15v2-SD0,다머다다다다다
May,5,10:51:25,G15v2-SD0,다다다다다다다
May,5,10:52:20,G15v2-SD0,나나다마다마
May,5,10:52:53,G15v2-SD0,다다마다다다
May,5,10:55:47,G15v2-SD0,나다마다다다
May,5,10:57:07,G15v2-SD0,다다다마다다다
May,5,10:58:34,G15v2-SD0,다다마다다다
May,5,10:59:22,G15v2-SD0,나나5마다다나
May,5,11:00:26,G15v2-SD0,다다0마다다다
May,5,11:01:57,G15v2-SD0,다다다마다다다
May,5,11:02:05,G15v2-SD0,나나다마다다다
May,5,11:04:11,G15v2-SD0,다다나고다다
May,5,11:04:19,G15v2-SD0,다다마다다다
May,5,11:04:50,G15v2-SD0,나나마다다다
May,5,11:05:15,G15v2-SD0,다다다머다다다
May,5,11:05:56,G15v2-SD0,나나마다다다
May,5,11:07:10,G15v2-SD0,다다마다다다
May,5,11:07:53,G15v2-SD0,나다마다다다
May,5,11:08:19,G15v2-SD0,나다마다다다
May,5,11:08:35,G15v2-SD0,다다마다다다
May,5,11:11:11,G15v2-SD0,나나다마다다다
May,5,11:12:07,G15v2-SD0,다다마다다다
May,5,11:12:32,G15v2-SD0,다다다머다나나
May,5,11:12:57,G15v2-SD0,다다0마다다다
May,5,11:13:37,G15v2-SD0,다다다다다다다
May,5,11:13:54,G15v2-SD0,다다다마다다다
May,5,11:14:03,G15v2-SD0,다다마다다다
May,5,11:15:05,G15v2-SD0,다너다다다나다다
May,5,11:15:29,G15v2-SD0,나나다다다다다
May,5,11:15:44,G15v2-SD0,나나다마다마
May,5,11:16:00,G15v2-SD0,다다마다다다
May,5,11:16:08,G15v2-SD0,다다마다다다
May,5,11:17:03,G15v2-SD0,나나다마다다다
May,5,11:17:35,G15v2-SD0,다다다머다다다
May,5,11:18:40,G15v2-SD0,다다마다다다
May,5,11:20:01,G15v2-SD0,다나다마나다다
May,5,11:22:12,G15v2-SD0,나다다마다다다
May,5,11:22:28,G15v2-SD0,다다다마다다다
May,5,11:23:02,G15v2-SD0,다다다마다다다
May,5,11:23:58,G15v2-SD0,나다다마다다
May,5,11:24:48,G15v2-SD0,나나마다다다
May,5,11:24:57,G15v2-SD0,나나마다다다
May,5,11:26:41,G15v2-SD0,나나마다다다
May,5,11:27:05,G15v2-SD0,다다마다다다
May,5,11:27:29,G15v2-SD0,다다0마다다다
May,5,11:28:35,G15v2-SD0,나나다다나나다
May,5,11:28:58,G15v2-SD0,다다다마다다다
May,5,11:29:07,G15v2-SD0,나다다마다다다
May,5,11:29:46,G15v2-SD0,다다마다다다
May,5,11:30:18,G15v2-SD0,다다마다다다
May,5,11:30:50,G15v2-SD0,나다마다다다
May,5,11:31:07,G15v2-SD0,다다더마다다나
May,5,11:31:31,G15v2-SD0,다나다마나다나
May,5,11:31:39,G15v2-SD0,나나마다다다
May,5,11:32:45,G15v2-SD0,다다마다다다
May,5,11:33:26,G15v2-SD0,다다다다다0다다
May,5,11:36:03,G15v2-SD0,다다1마다다다
May,5,11:36:28,G15v2-SD0,다다마다다다
May,5,11:37:48,G15v2-SD0,나나머다다다
May,5,11:38:21,G15v2-SD0,나너다마나다나
May,5,11:38:38,G15v2-SD0,다다다마다다다
May,5,11:38:56,G15v2-SD0,다다0다다더1나
May,5,11:39:04,G15v2-SD0,다다다마다다다
May,5,11:39:13,G15v2-SD0,다다다마다다다
May,5,11:39:47,G15v2-SD0,다다마다다다
May,5,11:39:56,G15v2-SD0,다다머다다다
May,5,11:40:40,G15v2-SD0,나다마다다다
May,5,11:41:14,G15v2-SD0,다다마다다다
May,5,11:41:23,G15v2-SD0,다다마다다다
May,5,11:42:05,G15v2-SD0,다다마다다다
May,5,11:42:46,G15v2-SD0,나다다마다다다
May,5,11:42:55,G15v2-SD0,나다마다다다
May,5,11:47:00,G15v2-SD0,나나다마다마
May,5,11:47:08,G15v2-SD0,다다마다다다
May,5,11:47:57,G15v2-SD0,다다머다다다
May,5,11:48:06,G15v2-SD0,다다다버다다나
May,5,11:50:25,G15v2-SD0,나나다마나다다
May,5,11:50:49,G15v2-SD0,나나마다다다
May,5,11:51:07,G15v2-SD0,다다마다다다
May,5,11:51:45,G15v2-SD0,나나다마다다나
May,5,11:52:24,G15v2-SD0,나나마다다다
May,5,11:52:41,G15v2-SD0,다다더다다다다다
May,5,11:53:14,G15v2-SD0,나나마다다다
May,5,11:53:22,G15v2-SD0,나다마다다다
May,5,11:54:03,G15v2-SD0,다다5머다다다
May,5,11:55:00,G15v2-SD0,나나다머다다다
May,5,11:55:25,G15v2-SD0,나다다다다다다
May,5,11:55:50,G15v2-SD0,다다마다너나
May,5,11:55:58,G15v2-SD0,다다머다다다
May,5,12:00:42,G15v2-SD0,나다마다다다
May,5,12:00:51,G15v2-SD0,다다다다다다다
May,5,12:03:35,G15v2-SD0,다다마다다다
May,5,12:04:33,G15v2-SD0,나다다다다다다다
May,5,12:04:41,G15v2-SD0,나나다마너마
May,5,12:05:30,G15v2-SD0,다다마다다다
May,5,12:06:20,G15v2-SD0,나다마다다다
May,5,12:07:01,G15v2-SD0,다다다어다다다
May,5,12:07:10,G15v2-SD0,나다마다다다
May,5,12:08:46,G15v2-SD0,다다0다다더다
May,5,12:09:12,G15v2-SD0,너다머다다다
May,5,12:09:20,G15v2-SD0,다다다마다다다
May,5,12:09:45,G15v2-SD0,다다다마다다다
May,5,12:10:35,G15v2-SD0,나다마다다다
May,5,12:12:29,G15v2-SD0,다다다마다다다
May,5,12:12:38,G15v2-SD0,다다더마다다다
May,5,12:12:47,G15v2-SD0,다다더다다다다나
May,5,12:13:05,G15v2-SD0,나나마다다다
May,5,12:14:11,G15v2-SD0,나나마다다나
May,5,12:14:20,G15v2-SD0,다다마다다너
May,5,12:14:37,G15v2-SD0,다다마다다다
May,5,12:17:13,G15v2-SD0,나다다다다다다
May,5,12:17:47,G15v2-SD0,나다다머다다다
May,5,12:18:21,G15v2-SD0,나나5마다다다
May,5,12:18:56,G15v2-SD0,나나다머다다다
May,5,12:19:13,G15v2-SD0,다다다마다다다
May,5,12:20:11,G15v2-SD0,나나다다나마
May,5,12:20:44,G15v2-SD0,나다다마다다다
May,5,12:21:08,G15v2-SD0,나나다버다다다
May,5,12:21:33,G15v2-SD0,나다마다다다
May,5,12:23:07,G15v2-SD0,다다다머다다다
May,5,12:24:36,G15v2-SD0,나나더다다다다나
May,5,12:26:39,G15v2-SD0,다다다마다나나
May,5,12:27:21,G15v2-SD0,나다마다다다
May,5,12:32:01,G15v2-SD0,다다마다더다
May,5,12:32:34,G15v2-SD0,나다마다다다
May,5,12:33:50,G15v2-SD0,고다다다다나고마
May,5,12:34:50,G15v2-SD0,다다마다다다
May,5,12:34:59,G15v2-SD0,나나마다다나
May,5,12:35:32,G15v2-SD0,다다마다다다
May,5,12:35:48,G15v2-SD0,나나마다다나
May,5,12:38:57,G15v2-SD0,나다다마다마
May,5,12:39:06,G15v2-SD0,나나다마다다다
May,5,12:42:58,G15v2-SD0,다다0다다나다다
May,5,12:43:07,G15v2-SD0,나나머나다다
May,5,12:43:31,G15v2-SD0,나나0마다마
May,5,12:44:12,G15v2-SD0,나나다마다다
May,5,12:44:30,G15v2-SD0,다다다마다다다
May,5,12:44:47,G15v2-SD0,나나다마다다다
May,5,12:45:13,G15v2-SD0,나나마다다다
May,5,12:45:40,G15v2-SD0,나다마다다다
May,5,12:48:43,G15v2-SD0,나나다마다다다
May,5,12:49:18,G15v2-SD0,다다더마다다다
May,5,12:49:28,G15v2-SD0,다다다다다다0다
May,5,12:49:53,G15v2-SD0,다다다머다다다
May,5,12:51:07,G15v2-SD0,다다다머다다너
May,5,12:51:40,G15v2-SD0,나나다마다마다
May,5,12:51:49,G15v2-SD0,다다마다다다
May,5,12:52:22,G15v2-SD0,다다0마다다다
May,5,12:52:48,G15v2-SD0,다다마다다다
May,5,12:54:29,G15v2-SD0,나다다마다다다
May,5,12:55:12,G15v2-SD0,나다다마다다다
May,5,12:55:21,G15v2-SD0,다다더마다다다
May,5,12:56:48,G15v2-SD0,다다머다다다
May,5,12:58:22,G15v2-SD0,나다마다다다
May,5,12:58:48,G15v2-SD0,다다마다다다
May,5,12:58:57,G15v2-SD0,나다마나다나
May,5,13:00:29,G15v2-SD0,나나마다다다
May,5,13:00:46,G15v2-SD0,다다마다다다
May,5,13:00:54,G15v2-SD0,다다다마다다다
May,5,13:01:12,G15v2-SD0,다다마다다다
May,5,13:02:51,G15v2-SD0,다다다마다다다
May,5,13:02:59,G15v2-SD0,나다다마다다다
May,5,13:03:08,G15v2-SD0,나너마나다다
May,5,13:03:59,G15v2-SD0,나다마나나다
May,5,13:04:08,G15v2-SD0,다다머더마나
May,5,13:05:08,G15v2-SD0,나나마다다다
May,5,13:05:25,G15v2-SD0,다다다다다다다다
May,5,13:06:00,G15v2-SD0,다다다마다다다
May,5,13:06:18,G15v2-SD0,다다마다다다
May,5,13:06:36,G15v2-SD0,나나다마나다다
May,5,13:06:45,G15v2-SD0,나나다마다마나
May,5,13:06:54,G15v2-SD0,다다마다다다
May,5,13:07:28,G15v2-SD0,나다마다다다
May,5,13:08:20,G15v2-SD0,다다다다다다나다
May,5,13:09:30,G15v2-SD0,다다마다다다
May,5,13:09:38,G15v2-SD0,나나다다다다다다
May,5,13:10:04,G15v2-SD0,나다마다다다
May,5,13:10:13,G15v2-SD0,다다다다다다다
May,5,13:10:22,G15v2-SD0,고0다다다다다
May,5,13:10:56,G15v2-SD0,나나다마다다다
May,5,13:11:23,G15v2-SD0,다다다마다다나
May,5,13:14:47,G15v2-SD0,다다마다다다
May,5,13:14:56,G15v2-SD0,다다다다다더2다다
May,5,13:15:30,G15v2-SD0,나다마다다다
May,5,13:21:34,G15v2-SD0,나다다마다다다
May,5,13:22:00,G15v2-SD0,다다머다다다
May,5,13:22:19,G15v2-SD0,다다다마다다나
May,5,13:22:28,G15v2-SD0,다다마다다다
May,5,13:23:03,G15v2-SD0,다다다다다다다다
May,5,13:24:28,G15v2-SD0,다다다다다더다고
May,5,13:25:20,G15v2-SD0,다다다마다다다
May,5,13:26:48,G15v2-SD0,다다마다다다
May,5,13:26:57,G15v2-SD0,나다마다다다
May,5,13:27:23,G15v2-SD0,다다머다다다
May,5,13:29:02,G15v2-SD0,다다다마다다다
May,5,13:29:11,G15v2-SD0,다다더마다다다
May,5,13:29:11,G15v2-SD0,다다더마다다다
May,5,13:31:11,G15v2-SD0,다다마다다다
May,5,13:31:37,G15v2-SD0,나나마다다다
May,5,13:32:12,G15v2-SD0,다다마다다다
May,5,13:32:20,G15v2-SD0,나나마다다다
May,5,13:34:00,G15v2-SD0,다다다마다다다
May,5,13:34:17,G15v2-SD0,나나마다다다
May,5,13:34:35,G15v2-SD0,다다마다다다
May,5,13:35:01,G15v2-SD0,다다다머다나너
May,5,13:35:17,G15v2-SD0,다다마다다다
May,5,13:36:38,G15v2-SD0,다다다마다다다
May,5,13:37:36,G15v2-SD0,다다머다다나
May,5,13:37:53,G15v2-SD0,다다마다다다
May,5,13:38:35,G15v2-SD0,나다다마다다
May,5,13:38:59,G15v2-SD0,다다다다다나
May,5,13:39:49,G15v2-SD0,나나다마다다다
May,5,13:40:37,G15v2-SD0,나다0마다다다
May,5,13:41:44,G15v2-SD0,나나마다다다
May,5,13:43:33,G15v2-SD0,나나다마다다다
May,5,13:44:52,G15v2-SD0,고다다다다0다
May,5,13:45:35,G15v2-SD0,다다다마다다다
May,5,13:46:35,G15v2-SD0,나나마다다다
May,5,13:46:52,G15v2-SD0,다다다다다다나
May,5,13:47:19,G15v2-SD0,나다마다다다
May,5,13:47:54,G15v2-SD0,나다마다다다
May,5,13:48:20,G15v2-SD0,머다다다다다
May,5,13:48:38,G15v2-SD0,다다버다다다
May,5,13:49:21,G15v2-SD0,다다다마다다다
May,5,13:49:30,G15v2-SD0,다다마다다다
May,5,13:50:30,G15v2-SD0,다머다다더나
May,5,13:52:23,G15v2-SD0,다다다다다다다
May,5,13:52:41,G15v2-SD0,다다다다다나다다
May,5,13:53:42,G15v2-SD0,나다다마다다다
May,5,13:54:00,G15v2-SD0,다다마다다다
May,5,13:55:08,G15v2-SD0,다다머다다다
May,5,13:56:42,G15v2-SD0,고다다다마다마
May,5,13:57:07,G15v2-SD0,나나마다다다
May,5,13:57:25,G15v2-SD0,다다다마다다나
May,5,13:57:34,G15v2-SD0,다다마다다다
May,5,13:57:43,G15v2-SD0,나나마다다다
May,5,13:58:09,G15v2-SD0,다다다다다너나
May,5,13:58:18,G15v2-SD0,다다다머다다나
May,5,14:00:35,G15v2-SD0,다다다다다0다다
May,5,14:00:53,G15v2-SD0,나다2머다마
May,5,14:01:10,G15v2-SD0,다다다마다다다
May,5,14:01:37,G15v2-SD0,나다더마다다다
May,5,14:02:38,G15v2-SD0,다다다다다나
May,5,14:03:14,G15v2-SD0,다다다마다다다
May,5,14:03:23,G15v2-SD0,나다0마다다다
May,5,14:03:33,G15v2-SD0,나나5마다다다
May,5,14:03:59,G15v2-SD0,다다다마다나나
May,5,14:04:08,G15v2-SD0,나나마다다나
May,5,14:04:17,G15v2-SD0,다다마다다다
May,5,14:04:35,G15v2-SD0,다버다다1나다다
May,5,14:05:18,G15v2-SD0,다다머다다다
May,5,14:05:27,G15v2-SD0,다다더마다다다
May,5,14:05:44,G15v2-SD0,다다0마다다다
May,5,14:07:02,G15v2-SD0,나다마다다다
May,5,14:07:11,G15v2-SD0,다머다다나다
May,5,14:07:20,G15v2-SD0,다다다마다다다
May,5,14:09:13,G15v2-SD0,나나다마나다다
May,5,14:09:47,G15v2-SD0,다다마다다다
May,5,14:09:56,G15v2-SD0,나나마다다다
May,5,14:10:13,G15v2-SD0,나다마다다다
May,5,14:10:47,G15v2-SD0,나다다머다다나
May,5,14:10:56,G15v2-SD0,나나다머다다다
May,5,14:12:39,G15v2-SD0,나나마다다다
May,5,14:12:48,G15v2-SD0,다다마다다다
May,5,14:12:57,G15v2-SD0,다다마다다다
May,5,14:13:49,G15v2-SD0,나나다마다다다
May,5,14:14:58,G15v2-SD0,나나다마다다나
May,5,14:17:11,G15v2-SD0,다다마다다다
May,5,14:17:53,G15v2-SD0,나나다마다다다
May,5,14:18:43,G15v2-SD0,다다다다다더
May,5,14:19:33,G15v2-SD0,나나마다다다
May,5,14:19:43,G15v2-SD0,나다다마다다다
May,5,14:19:52,G15v2-SD0,다다0마다다다
May,5,14:20:35,G15v2-SD0,나나마다다다
May,5,14:21:21,G15v2-SD0,다다다마다다나
May,5,14:22:34,G15v2-SD0,다다마다다다
May,5,14:24:12,G15v2-SD0,나다0마다다0
May,5,14:24:48,G15v2-SD0,다다머다다다
May,5,14:25:05,G15v2-SD0,다다다다고다나1마
May,5,14:25:13,G15v2-SD0,다다마다다다
May,5,14:25:23,G15v2-SD0,다다마다다다
May,5,14:25:32,G15v2-SD0,나나다마다다다
May,5,14:25:41,G15v2-SD0,다다다마다다다
May,5,14:25:50,G15v2-SD0,다나다다나다
May,5,14:27:47,G15v2-SD0,다다마다다다
May,5,14:28:05,G15v2-SD0,나나마다다다
May,5,14:28:49,G15v2-SD0,다다머다다다
May,5,14:29:43,G15v2-SD0,다다다마다다다
May,5,14:30:20,G15v2-SD0,다다다마다다다
May,5,14:30:38,G15v2-SD0,다다다마다다나
May,5,14:33:06,G15v2-SD0,다머다다다다다
May,5,14:34:24,G15v2-SD0,나나마나다다
May,5,14:34:33,G15v2-SD0,다다어다다다
May,5,14:35:05,G15v2-SD0,나나마다다다
May,5,14:36:41,G15v2-SD0,다머다다다0다다
May,5,14:37:13,G15v2-SD0,나나다마다다다
May,5,14:37:40,G15v2-SD0,다다마다다다
May,5,14:37:56,G15v2-SD0,나나다머다다다
May,5,14:38:39,G15v2-SD0,다다0마다다다
May,5,14:41:28,G15v2-SD0,다나다다다나
May,5,14:41:54,G15v2-SD0,나나마다다다
May,5,14:42:11,G15v2-SD0,나나마다다다
May,5,14:43:24,G15v2-SD0,나다다머다다다
May,5,14:43:41,G15v2-SD0,다다마다다다
May,5,14:46:13,G15v2-SD0,나나다마다다다
May,5,14:47:20,G15v2-SD0,다다마다다다
May,5,14:48:29,G15v2-SD0,다머다다다나0마
May,5,14:48:55,G15v2-SD0,다다마다다나
May,5,14:49:04,G15v2-SD0,0다다0머다다다
May,5,14:51:18,G15v2-SD0,다다다마다마
May,5,14:51:35,G15v2-SD0,다다다다다더나다
May,5,14:51:43,G15v2-SD0,다다다마다다다
May,5,14:51:52,G15v2-SD0,다다다마다나나
May,5,14:52:00,G15v2-SD0,다나0마다다다
May,5,14:52:08,G15v2-SD0,다다다마다다다
May,5,14:52:42,G15v2-SD0,다다다마다다나
May,5,14:53:47,G15v2-SD0,다다다마다다다
May,5,14:54:03,G15v2-SD0,나나마다다다
May,5,14:54:12,G15v2-SD0,다다다다마다
May,5,14:55:02,G15v2-SD0,나나마다다다
May,5,14:55:36,G15v2-SD0,다다다마다다다
May,5,14:55:52,G15v2-SD0,나나다머다다다
May,5,14:57:22,G15v2-SD0,다다마다다다
May,5,14:57:31,G15v2-SD0,나다머다다다
May,5,14:57:40,G15v2-SD0,다다다다다다마다
May,5,14:57:57,G15v2-SD0,나다0마다다나
May,5,14:58:06,G15v2-SD0,다다마다다다
May,5,14:58:23,G15v2-SD0,고다다다다다나다마
May,5,14:58:51,G15v2-SD0,다다다다다다나
May,5,14:59:58,G15v2-SD0,다다머다다다
May,5,15:00:15,G15v2-SD0,다다다마다다다
May,5,15:00:32,G15v2-SD0,다머다다나다
May,5,15:00:41,G15v2-SD0,다다다마다다다
May,5,15:00:49,G15v2-SD0,너다다마다다
May,5,15:01:23,G15v2-SD0,마다다다0다00
May,5,15:02:39,G15v2-SD0,다다마다다다
May,5,15:02:48,G15v2-SD0,다버다다더0마
May,5,15:02:57,G15v2-SD0,다다마다다다
May,5,15:03:41,G15v2-SD0,나다마다다다
May,5,15:03:51,G15v2-SD0,다다마다다다
May,5,15:04:26,G15v2-SD0,다다마다다다
May,5,15:05:43,G15v2-SD0,나나다마다나
May,5,15:06:18,G15v2-SD0,다다다마다마
May,5,15:06:36,G15v2-SD0,나다마다다다
May,5,15:07:18,G15v2-SD0,다다마다다다
May,5,15:07:36,G15v2-SD0,나나마다다다
May,5,15:07:53,G15v2-SD0,나다다마다다나
May,5,15:08:47,G15v2-SD0,다다마다다다
May,5,15:09:05,G15v2-SD0,다다마다다다
May,5,15:09:14,G15v2-SD0,나나더마다다다
May,5,15:09:58,G15v2-SD0,다다다마다다다
May,5,15:10:48,G15v2-SD0,나너머다다다
May,5,15:11:33,G15v2-SD0,다다다머다다다
May,5,15:11:43,G15v2-SD0,다다0머다다다
May,5,15:12:36,G15v2-SD0,다다다다다더
May,5,15:12:45,G15v2-SD0,다다마다다다
May,5,15:13:19,G15v2-SD0,다다다마다다다
May,5,15:13:54,G15v2-SD0,다다마다다다
May,5,15:14:12,G15v2-SD0,다다5마다다다
May,5,15:15:47,G15v2-SD0,다나마다다다
May,5,15:16:40,G15v2-SD0,나나다마다다다
May,5,15:17:16,G15v2-SD0,다다0다다나다
May,5,15:17:51,G15v2-SD0,나나다마다다
May,5,15:18:18,G15v2-SD0,다머다다다다0다
May,5,15:18:45,G15v2-SD0,나다마다다다
May,5,15:20:38,G15v2-SD0,나나다마다마
May,5,15:20:47,G15v2-SD0,나나다마나마
May,5,15:20:57,G15v2-SD0,다나마다다다
May,5,15:21:39,G15v2-SD0,나다다마다다다
May,5,15:22:32,G15v2-SD0,다다다마다다나
May,5,15:22:58,G15v2-SD0,나다마다다다
May,5,15:24:32,G15v2-SD0,다다다마다다다
May,5,15:24:40,G15v2-SD0,나나다다다다다다
May,5,15:24:58,G15v2-SD0,나나마다다다
May,5,15:28:35,G15v2-SD0,다다다다다다
May,5,15:29:48,G15v2-SD0,나나마다다다
May,5,15:30:14,G15v2-SD0,나나더머다다다
May,5,15:31:04,G15v2-SD0,다다마다다다
May,5,15:31:54,G15v2-SD0,다다마다다다
May,5,15:32:02,G15v2-SD0,다다마다다다
May,5,15:33:09,G15v2-SD0,다다마다다다
May,5,15:33:17,G15v2-SD0,나다다마다마
May,5,15:33:35,G15v2-SD0,나다마다다다
May,5,15:34:10,G15v2-SD0,다다마다다다
May,5,15:34:27,G15v2-SD0,다다다마다다다
May,5,15:35:17,G15v2-SD0,다다다마다다다
May,5,15:36:21,G15v2-SD0,다다다마다다다
May,5,15:37:18,G15v2-SD0,다다마다다다
May,5,15:38:56,G15v2-SD0,다다마다다다
May,5,15:41:05,G15v2-SD0,나나다마나마
May,5,15:41:21,G15v2-SD0,다다다마다다다
May,5,15:41:46,G15v2-SD0,다다마다다다
May,5,15:43:16,G15v2-SD0,다다0마다다다
May,5,15:43:25,G15v2-SD0,다나다마다다나
May,5,15:43:58,G15v2-SD0,1나다다머다마
May,5,15:44:34,G15v2-SD0,다다마다다다
May,5,15:45:07,G15v2-SD0,다나다다더다
May,5,15:45:24,G15v2-SD0,나다마다다다
May,5,15:46:16,G15v2-SD0,나나다마다마
May,5,15:46:24,G15v2-SD0,고다다다0다더
May,5,15:46:33,G15v2-SD0,나다다마다마
May,5,15:48:15,G15v2-SD0,다다마다다다
May,5,15:48:33,G15v2-SD0,다다머다다다
May,5,15:48:41,G15v2-SD0,다다다마다다다
May,5,15:43:16,G15v2-SD0,다다0마다다다
May,5,15:43:25,G15v2-SD0,다나다마다다나
May,5,15:43:58,G15v2-SD0,1나다다머다마
May,5,15:44:34,G15v2-SD0,다다마다다다
May,5,15:45:07,G15v2-SD0,다나다다더다
May,5,15:45:24,G15v2-SD0,나다마다다다
May,5,15:46:16,G15v2-SD0,나나다마다마
May,5,15:46:24,G15v2-SD0,고다다다0다더
May,5,15:46:33,G15v2-SD0,나다다마다마
May,5,15:48:15,G15v2-SD0,다다마다다다
May,5,15:48:33,G15v2-SD0,다다머다다다
May,5,15:48:41,G15v2-SD0,다다다마다다다
May,5,15:48:50,G15v2-SD0,다다다마다다다
May,5,15:49:49,G15v2-SD0,다다0마다다다
May,5,15:49:58,G15v2-SD0,나다다어다마
May,5,15:50:07,G15v2-SD0,다다다마다다다
May,5,15:50:16,G15v2-SD0,다다다다다다나다다
May,5,15:50:25,G15v2-SD0,다다0머다다다
May,5,15:51:07,G15v2-SD0,다머다다다다1마
May,5,15:51:24,G15v2-SD0,다머다다다나
May,5,15:52:17,G15v2-SD0,다다다마다다다
May,5,15:52:49,G15v2-SD0,다다다마다다다
May,5,15:52:58,G15v2-SD0,다다다머다다다
May,5,15:53:30,G15v2-SD0,나다다마다다다
May,5,15:54:10,G15v2-SD0,고다나다마다마
May,5,15:54:19,G15v2-SD0,다다다마다다다
May,5,15:54:51,G15v2-SD0,나다다마다다다
May,5,15:55:49,G15v2-SD0,다머다다다나1다
May,5,15:58:12,G15v2-SD0,나나마다다다
May,5,15:58:37,G15v2-SD0,나나마다다다
May,5,15:58:46,G15v2-SD0,나나0마나다다
May,5,15:59:43,G15v2-SD0,다다다마다다다
May,5,16:00:41,G15v2-SD0,나다마다다다
May,5,16:00:50,G15v2-SD0,다다마다다다
May,5,16:05:04,G15v2-SD0,나다다다다다
May,5,16:05:22,G15v2-SD0,다다다다다나다
May,5,16:05:46,G15v2-SD0,다다다마다다다
May,5,16:06:35,G15v2-SD0,나나더마다다다
May,5,16:07:09,G15v2-SD0,다다다다다더나1
May,5,16:07:17,G15v2-SD0,고다다다마다다다
May,5,16:09:25,G15v2-SD0,나나마다다다
May,5,16:10:06,G15v2-SD0,다다다마다다다
May,5,16:11:26,G15v2-SD0,다다다마다다다
May,5,16:13:38,G15v2-SD0,나나마다나너
May,5,16:15:25,G15v2-SD0,나다다마다다다
May,5,16:16:05,G15v2-SD0,다다마다다다
May,5,16:16:21,G15v2-SD0,나너마다다다
May,5,16:16:38,G15v2-SD0,나나마다다다
May,5,16:17:26,G15v2-SD0,너다마다너나
May,5,16:17:34,G15v2-SD0,다다다마다다다
May,5,16:17:50,G15v2-SD0,다다마다다다
May,5,16:19:17,G15v2-SD0,나다마다다다
May,5,16:20:28,G15v2-SD0,다다다마다다다
May,5,16:20:37,G15v2-SD0,나다마다다다
May,5,16:21:02,G15v2-SD0,나나마다다나
May,5,16:21:27,G15v2-SD0,다다다마다다다
May,5,16:21:51,G15v2-SD0,다다다마다다다
May,5,16:22:09,G15v2-SD0,다다다마다다다
May,5,16:22:32,G15v2-SD0,나나마다다다
May,5,16:22:49,G15v2-SD0,나나다마다다
May,5,16:22:57,G15v2-SD0,다다더마다다다
May,5,16:23:06,G15v2-SD0,나다마다다다
May,5,16:23:38,G15v2-SD0,나다머너다다
May,5,16:23:46,G15v2-SD0,나나다마다다다
May,5,16:24:02,G15v2-SD0,다다다머다다다
May,5,16:25:08,G15v2-SD0,나나다마다다다
May,5,16:25:41,G15v2-SD0,나다마다다다
May,5,16:25:49,G15v2-SD0,고다다다다마다다다
May,5,16:25:58,G15v2-SD0,다다마다다다
May,5,16:26:54,G15v2-SD0,나다다마다다다
May,5,16:27:03,G15v2-SD0,다다마다다다
May,5,16:27:12,G15v2-SD0,다다다마다다다
May,5,16:27:29,G15v2-SD0,나나머다다다
May,5,16:28:33,G15v2-SD0,나나마다다다
May,5,16:28:58,G15v2-SD0,다다다다다다
May,5,16:30:29,G15v2-SD0,다다0마다다다
May,5,16:30:37,G15v2-SD0,다다다마다다다
May,5,16:30:46,G15v2-SD0,다다다마다다다
May,5,16:32:31,G15v2-SD0,다다마다다다
May,5,16:32:39,G15v2-SD0,다다마다다다
May,5,16:32:55,G15v2-SD0,다다다마다다다
May,5,16:33:20,G15v2-SD0,다다더마다다다
May,5,16:36:13,G15v2-SD0,다다마다다다
May,5,16:36:43,G15v2-SD0,나다다마다다다
May,5,16:37:31,G15v2-SD0,나나더마다다다
May,5,16:37:39,G15v2-SD0,나나다마다다다
May,5,16:37:47,G15v2-SD0,나나버나다다
May,5,16:38:18,G15v2-SD0,다다다머다다다
May,5,16:38:52,G15v2-SD0,다나마다다다
May,5,16:40:04,G15v2-SD0,나나더마다다다
May,5,16:40:20,G15v2-SD0,나나마나다다
May,5,16:40:44,G15v2-SD0,나나더마다다다
May,5,16:40:52,G15v2-SD0,나다마다다다
May,5,16:41:01,G15v2-SD0,다너마다다다
May,5,16:41:09,G15v2-SD0,나나마다다다
May,5,16:41:17,G15v2-SD0,나나마다다다
May,5,16:41:33,G15v2-SD0,나다마다다다
May,5,16:42:29,G15v2-SD0,나너다마다다다
May,5,16:44:20,G15v2-SD0,다다마고다다
May,5,16:45:07,G15v2-SD0,서다마다다다
May,5,16:47:03,G15v2-SD0,나나마고다다
May,5,16:49:13,G15v2-SD0,다다머다다다
May,5,16:50:51,G15v2-SD0,나나마다다다
May,5,16:51:08,G15v2-SD0,나나마다다다
May,5,16:51:17,G15v2-SD0,나나다마다다다
May,5,16:55:56,G15v2-SD0,다다마다다다
May,5,16:56:12,G15v2-SD0,다다마다다다
May,5,16:58:09,G15v2-SD0,나나마고다다
May,5,16:58:41,G15v2-SD0,다다다마다다다
May,5,17:03:21,G15v2-SD0,나나다다다다다다
May,5,17:04:07,G15v2-SD0,다다다머다다다
May,5,17:07:28,G15v2-SD0,나나다마나마
May,5,17:07:36,G15v2-SD0,다다다마다마
May,5,17:08:53,G15v2-SD0,다다마다다다
May,5,17:10:22,G15v2-SD0,다나나0마다다다
May,5,17:16:08,G15v2-SD0,나나더마다다다
May,5,17:16:17,G15v2-SD0,나나마다다다
May,5,17:20:42,G15v2-SD0,마다다다다너다마
May,5,17:21:08,G15v2-SD0,다다마다다다
May,5,17:27:13,G15v2-SD0,다다다다다다다
May,5,17:29:58,G15v2-SD0,다다0머다다다
May,5,17:30:07,G15v2-SD0,다다마다다다
May,5,17:33:28,G15v2-SD0,다버다다1나다다
May,5,17:35:04,G15v2-SD0,다다다다다다
May,5,17:46:40,G15v2-SD0,다다0다다다다
May,5,17:49:38,G15v2-SD0,다다0마다마
May,5,17:50:10,G15v2-SD0,나다마다다더
May,5,17:50:43,G15v2-SD0,나나다머다다
May,5,17:59:34,G15v2-SD0,다다머다다다
May,5,18:01:36,G15v2-SD0,다다다다다다나다마
May,5,18:04:31,G15v2-SD0,다다다다다더나다
May,6,05:45:56,G15v2-SD0,나다마다다다
May,6,05:46:55,G15v2-SD0,나다마고다다
May,6,05:49:39,G15v2-SD0,다다마나다다
May,6,05:51:00,G15v2-SD0,나너마고다다
May,6,05:52:39,G15v2-SD0,더다다마다다다
May,6,05:55:15,G15v2-SD0,다다더머다나0
May,6,05:55:40,G15v2-SD0,나나0다다다다
May,6,05:56:38,G15v2-SD0,다다다마다다
May,6,05:56:38,G15v2-SD0,다다다마다다
May,6,05:58:01,G15v2-SD0,나나마다다다
May,6,05:58:18,G15v2-SD0,나나0다다다
May,6,05:58:27,G15v2-SD0,다다마다다나
May,6,05:58:52,G15v2-SD0,나나머다다다
May,6,05:59:58,G15v2-SD0,다다마다다다
May,6,06:01:04,G15v2-SD0,다다마다다다
May,6,06:01:21,G15v2-SD0,나다마다다다
May,6,06:04:00,G15v2-SD0,다버다다다나
May,6,06:04:09,G15v2-SD0,다다마다다다
May,6,06:05:24,G15v2-SD0,나나다마다다나
May,6,06:07:29,G15v2-SD0,나다마다다다
May,6,06:11:13,G15v2-SD0,나다다마다다
May,6,06:11:39,G15v2-SD0,나나다마다다0
May,6,06:11:48,G15v2-SD0,다다다마다마
May,6,06:13:10,G15v2-SD0,다다마다다다
May,6,06:13:59,G15v2-SD0,다다다마다다다
May,6,06:14:57,G15v2-SD0,나나마다다다
May,6,06:15:30,G15v2-SD0,다다다마다다
May,6,06:23:08,G15v2-SD0,다다마다다다
May,6,06:23:33,G15v2-SD0,0다다마다다다
May,6,06:24:14,G15v2-SD0,나나마다다다
May,6,06:24:32,G15v2-SD0,나다마나다다
May,6,06:25:31,G15v2-SD0,나나다마나다다
May,6,06:29:37,G15v2-SD0,나나마나다다
May,6,06:30:10,G15v2-SD0,나다다마다마
May,6,06:30:52,G15v2-SD0,다다0마다다다
May,6,06:31:01,G15v2-SD0,다너다다나마
May,6,06:35:08,G15v2-SD0,다다다머다다다
May,6,06:35:58,G15v2-SD0,다다다다0다다다
May,6,06:36:24,G15v2-SD0,다너다다다다다다
May,6,06:36:49,G15v2-SD0,나나마다다다
May,6,06:42:12,G15v2-SD0,나나마다다다
May,6,06:42:37,G15v2-SD0,나나다다다다다다
May,6,06:43:11,G15v2-SD0,나나마너다다
May,6,06:44:16,G15v2-SD0,나나마다다다
May,6,06:46:22,G15v2-SD0,나나마다다다
May,6,06:52:43,G15v2-SD0,나나마다다다
May,6,06:53:17,G15v2-SD0,다다머다다다
May,6,06:54:41,G15v2-SD0,다너마나다나
May,6,06:59:40,G15v2-SD0,나다다마다다다
May,6,07:00:31,G15v2-SD0,너나다마다다다
May,6,07:00:49,G15v2-SD0,다다다다다0
May,6,07:01:47,G15v2-SD0,나나머다다다
May,6,07:02:13,G15v2-SD0,다다머다다다
May,6,07:02:38,G15v2-SD0,나다마다다0
May,6,07:04:43,G15v2-SD0,나다마다다다
May,6,07:05:34,G15v2-SD0,다다마다다나
May,6,07:08:44,G15v2-SD0,나나다마다다다
May,6,07:08:53,G15v2-SD0,다다다머다다다
May,6,07:09:19,G15v2-SD0,나너다다다다다다
May,6,07:12:14,G15v2-SD0,나나다마나마
May,6,07:13:04,G15v2-SD0,나나다마다다다
May,6,07:21:36,G15v2-SD0,너나루마다다다
May,6,07:22:17,G15v2-SD0,너나마다다다
May,6,07:23:21,G15v2-SD0,나다마다다다
May,6,07:24:04,G15v2-SD0,나너다마다다다
May,6,07:24:12,G15v2-SD0,나나다마다다다
May,6,07:25:33,G15v2-SD0,다다마나다다
May,6,07:27:09,G15v2-SD0,나나다마다다다
May,6,07:27:17,G15v2-SD0,나다더마다다다
May,6,07:29:16,G15v2-SD0,다다마다다다
May,6,07:29:24,G15v2-SD0,다다마다다다
May,6,07:31:52,G15v2-SD0,나다다마나다다
May,6,07:32:01,G15v2-SD0,다다다마다다나
May,6,07:32:26,G15v2-SD0,다다마다다다
May,6,07:33:38,G15v2-SD0,다다머다다다
May,6,07:36:26,G15v2-SD0,다다다마다마
May,6,07:38:23,G15v2-SD0,다다머다다다
May,6,07:38:32,G15v2-SD0,다다0마다다다
May,6,07:39:37,G15v2-SD0,나나다마다마다
May,6,07:41:03,G15v2-SD0,나너마다다다
May,6,07:41:26,G15v2-SD0,나나마나다다
May,6,07:41:43,G15v2-SD0,나다마다다다
May,6,07:45:48,G15v2-SD0,나다다마다다다
May,6,07:46:46,G15v2-SD0,다더다마다다다
May,6,07:48:32,G15v2-SD0,다다다마다다다
May,6,07:49:21,G15v2-SD0,나다다마다다
May,6,07:49:38,G15v2-SD0,나나다머다마
May,6,07:50:03,G15v2-SD0,다다다마다다다
May,6,07:50:11,G15v2-SD0,다다5나나다
May,6,07:50:53,G15v2-SD0,다다다마나다다
May,6,07:54:06,G15v2-SD0,나다머다다너
May,6,07:54:35,G15v2-SD0,다다0마다다다
May,6,07:57:00,G15v2-SD0,나나마다다다
May,6,07:57:47,G15v2-SD0,다다다다다다다
May,6,08:00:34,G15v2-SD0,다다머다다다
May,6,08:05:55,G15v2-SD0,다다더다머다다
May,6,08:07:47,G15v2-SD0,다다다머다다
May,6,08:10:27,G15v2-SD0,마나다머다다
May,6,08:13:41,G15v2-SD0,다다다다다다나다
May,6,08:16:35,G15v2-SD0,다다다마머다다
May,6,08:19:12,G15v2-SD0,다다다다머다다
May,6,08:22:16,G15v2-SD0,다다다다다다다나다
May,6,08:24:39,G15v2-SD0,다다다다머다다
May,6,08:25:28,G15v2-SD0,다다다다다다다머
May,6,08:30:07,G15v2-SD0,1머다다나다
May,6,08:30:57,G15v2-SD0,고다나나다마머다다
May,6,08:32:59,G15v2-SD0,다다다버다다다다
May,6,08:38:02,G15v2-SD0,나나다마마다다
May,6,08:46:02,G15v2-SD0,다머다다버나
May,6,08:46:45,G15v2-SD0,다나다다다0다
May,6,08:49:32,G15v2-SD0,다다다다다다나
May,6,08:50:30,G15v2-SD0,다다버마다다
May,6,08:57:47,G15v2-SD0,고다다다다다나
May,6,09:00:02,G15v2-SD0,나머다다나나
May,6,09:01:26,G15v2-SD0,다다다다더나다다
May,6,09:03:07,G15v2-SD0,나다마머다다
May,6,09:06:30,G15v2-SD0,다다0다나나
May,6,09:06:56,G15v2-SD0,다다머다다다
May,6,09:07:05,G15v2-SD0,나다머다다나
May,6,09:07:30,G15v2-SD0,나나다더다다
May,6,09:09:39,G15v2-SD0,나다다다나다
May,6,09:10:12,G15v2-SD0,다다마머나나
May,6,09:10:30,G15v2-SD0,다다다머다다
May,6,09:10:39,G15v2-SD0,나다0마머다다
May,6,09:11:22,G15v2-SD0,다나다다마나
May,6,09:12:14,G15v2-SD0,나너다머다다
May,6,09:16:46,G15v2-SD0,다다다마머다다
May,6,09:18:05,G15v2-SD0,다머다다나다
May,6,09:19:28,G15v2-SD0,다다다머다다
May,6,09:22:35,G15v2-SD0,다나다다나다
May,6,09:32:10,G15v2-SD0,다다다머다다
May,6,09:34:56,G15v2-SD0,다다다마머다다
May,6,09:36:18,G15v2-SD0,나다다다마다
May,6,09:37:56,G15v2-SD0,다다0다고나다다
May,6,09:42:21,G15v2-SD0,다다다다고마다
May,6,11:25:22,G15v2-SD0,다버다다다마
May,6,11:28:37,G15v2-SD0,다머다다더고다
May,6,11:29:49,G15v2-SD0,다다다다다나1다
May,6,11:31:00,G15v2-SD0,다머다다나나
May,6,12:38:14,G15v2-SD0,다다0다다다다다
May,6,12:38:23,G15v2-SD0,다다다다다더0다나
May,6,12:39:33,G15v2-SD0,다다다다다다다
May,6,12:39:51,G15v2-SD0,다다0다0더다0
May,6,12:41:34,G15v2-SD0,다나다다다다다다
May,6,12:49:15,G15v2-SD0,다머다0다다다
May,6,12:49:24,G15v2-SD0,다다0다다다다
May,6,12:51:15,G15v2-SD0,나다다다다다
May,6,12:53:32,G15v2-SD0,다버다다다다
May,6,12:55:09,G15v2-SD0,1머다다00
May,6,12:59:47,G15v2-SD0,다나다다다다
May,6,13:03:06,G15v2-SD0,다다다다다다다
May,6,13:04:16,G15v2-SD0,다다0다다다0다
May,6,13:07:16,G15v2-SD0,다다0다다0나다
May,6,13:07:34,G15v2-SD0,다다다다다다다
May,6,13:08:53,G15v2-SD0,다다다다다0다다
May,6,13:10:45,G15v2-SD0,다다0다다1다
May,6,13:14:37,G15v2-SD0,다나다다다다다다
May,6,13:14:46,G15v2-SD0,다다다다다다다다나
May,6,13:15:04,G15v2-SD0,다다다다다더
May,6,13:16:56,G15v2-SD0,다다다다다다다
May,6,13:19:06,G15v2-SD0,다다다다더다다나
May,6,13:19:32,G15v2-SD0,나머다다더다나
May,6,13:20:06,G15v2-SD0,다다0다다10다다
May,6,13:21:16,G15v2-SD0,다다다다다2다0다
May,6,13:22:28,G15v2-SD0,다다다다다다
May,6,13:24:16,G15v2-SD0,고다다다다다나
May,6,13:25:54,G15v2-SD0,머다다다다다
May,6,13:26:04,G15v2-SD0,다머다1다다다
May,6,13:43:30,G15v2-SD0,다다다다머다다
May,6,13:43:58,G15v2-SD0,다다다다머다다
May,6,13:45:09,G15v2-SD0,다다다다마다다
May,6,13:50:20,G15v2-SD0,다다다다다다다
May,6,13:53:28,G15v2-SD0,다다다다다머다다
May,6,13:55:38,G15v2-SD0,나다다머다다
May,6,13:56:29,G15v2-SD0,다다다다머다다
May,6,13:59:15,G15v2-SD0,다다다다다0다
May,6,14:09:26,G15v2-SD0,다다0다마다다
May,6,14:10:43,G15v2-SD0,다다다다다다나다
May,6,14:12:32,G15v2-SD0,다다다머다다
May,6,14:16:54,G15v2-SD0,다머다다나다
May,6,14:20:38,G15v2-SD0,다다0다다다나다
May,6,14:38:54,G15v2-SD0,다나다다더다나
May,6,14:39:27,G15v2-SD0,다0다고더다다다
May,6,14:41:46,G15v2-SD0,다나다다다나다
May,6,14:59:00,G15v2-SD0,다다다다다더1너다
May,6,15:01:43,G15v2-SD0,다다다다다다다
May,6,15:06:14,G15v2-SD0,다머다다나1마
May,6,15:07:05,G15v2-SD0,다나다다다다
May,6,15:14:39,G15v2-SD0,다다다다다다0
May,6,15:17:16,G15v2-SD0,다다다마다다
May,6,15:18:25,G15v2-SD0,다머다다다너나
May,6,15:27:36,G15v2-SD0,다다다다다다더
May,6,15:54:52,G15v2-SD0,다다다다1다
May,6,16:04:34,G15v2-SD0,다다다다다1다다
May,6,16:10:47,G15v2-SD0,나다다다머다
May,6,16:11:51,G15v2-SD0,다다버머다다
May,6,16:16:12,G15v2-SD0,나다다머다마
May,6,16:23:17,G15v2-SD0,다다다다0고
May,6,16:37:50,G15v2-SD0,다다다다다다다
May,6,16:43:44,G15v2-SD0,다다다0머다다
May,6,16:46:41,G15v2-SD0,다다다머다다
May,6,16:49:22,G15v2-SD0,다다다다다다다
May,6,16:50:32,G15v2-SD0,다다더다머다다
May,6,16:50:58,G15v2-SD0,다다다다다다다
May,6,16:51:58,G15v2-SD0,다다다다머다다
May,6,16:52:16,G15v2-SD0,나나다다다다
May,6,16:58:57,G15v2-SD0,다다다다다더나다
May,6,17:12:39,G15v2-SD0,다머다다다다
May,6,17:15:17,G15v2-SD0,다다다다다다0다
May,6,17:20:36,G15v2-SD0,다다다다다더더
May,6,17:28:58,G15v2-SD0,다머다다다다
May,6,17:32:53,G15v2-SD0,다다다다다다다
May,6,17:35:14,G15v2-SD0,다다0다다다
May,6,17:42:05,G15v2-SD0,다다다다다나다
May,6,18:01:50,G15v2-SD0,다다다다다다다
May,6,18:36:03,G15v2-SD0,다다다다다다다다
May,6,18:36:36,G15v2-SD0,다나다다라다마
May,6,18:48:11,G15v2-SD0,다머다다나다마
May,6,18:57:33,G15v2-SD0,다머다다다1
May,6,18:57:50,G15v2-SD0,다나다다다다다
May,6,19:07:15,G15v2-SD0,마다다다다다
May,6,19:11:23,G15v2-SD0,다다다다다다다다
May,6,19:12:29,G15v2-SD0,나다다다다더
May,6,19:16:26,G15v2-SD0,다머다다나1다다
